<?xml version="1.0" encoding="UTF-8"?>
<GenRun Id="impl_1" LaunchPart="xc7a100tcsg324-1" LaunchTime="1733349707">
  <File Type="ROUTE-PWR" Name="IMain_power_routed.rpt"/>
  <File Type="PA-TCL" Name="IMain.tcl"/>
  <File Type="ROUTE-PWR-SUM" Name="IMain_power_summary_routed.pb"/>
  <File Type="REPORTS-TCL" Name="IMain_reports.tcl"/>
  <File Type="OPT-RQA-PB" Name="IMain_rqa_opted.pb"/>
  <File Type="BITSTR-MMI" Name="IMain.mmi"/>
  <File Type="OPT-METHODOLOGY-DRC" Name="IMain_methodology_drc_opted.rpt"/>
  <File Type="INIT-TIMING" Name="IMain_timing_summary_init.rpt"/>
  <File Type="OPT-TIMING" Name="IMain_timing_summary_opted.rpt"/>
  <File Type="OPT-DCP" Name="IMain_opt.dcp"/>
  <File Type="OPT-DRC" Name="IMain_drc_opted.rpt"/>
  <File Type="OPT-HWDEF" Name="IMain.hwdef"/>
  <File Type="PWROPT-DCP" Name="IMain_pwropt.dcp"/>
  <File Type="PWROPT-DRC" Name="IMain_drc_pwropted.rpt"/>
  <File Type="PWROPT-TIMING" Name="IMain_timing_summary_pwropted.rpt"/>
  <File Type="PLACE-DCP" Name="IMain_placed.dcp"/>
  <File Type="PLACE-IO" Name="IMain_io_placed.rpt"/>
  <File Type="PLACE-CLK" Name="IMain_clock_utilization_placed.rpt"/>
  <File Type="PLACE-UTIL" Name="IMain_utilization_placed.rpt"/>
  <File Type="PLACE-UTIL-PB" Name="IMain_utilization_placed.pb"/>
  <File Type="PLACE-CTRL" Name="IMain_control_sets_placed.rpt"/>
  <File Type="PLACE-SIMILARITY" Name="IMain_incremental_reuse_placed.rpt"/>
  <File Type="PLACE-PRE-SIMILARITY" Name="IMain_incremental_reuse_pre_placed.rpt"/>
  <File Type="BG-BIN" Name="IMain.bin"/>
  <File Type="PLACE-TIMING" Name="IMain_timing_summary_placed.rpt"/>
  <File Type="ROUTE-PWR-RPX" Name="IMain_power_routed.rpx"/>
  <File Type="PLACE-RQA-PB" Name="IMain_rqa_placed.pb"/>
  <File Type="POSTPLACE-PWROPT-DCP" Name="IMain_postplace_pwropt.dcp"/>
  <File Type="BITSTR-MSK" Name="IMain.msk"/>
  <File Type="POSTPLACE-PWROPT-TIMING" Name="IMain_timing_summary_postplace_pwropted.rpt"/>
  <File Type="PHYSOPT-DCP" Name="IMain_physopt.dcp"/>
  <File Type="PHYSOPT-DRC" Name="IMain_drc_physopted.rpt"/>
  <File Type="BITSTR-RBT" Name="IMain.rbt"/>
  <File Type="PHYSOPT-TIMING" Name="IMain_timing_summary_physopted.rpt"/>
  <File Type="ROUTE-ERROR-DCP" Name="IMain_routed_error.dcp"/>
  <File Type="ROUTE-DCP" Name="IMain_routed.dcp"/>
  <File Type="ROUTE-BLACKBOX-DCP" Name="IMain_routed_bb.dcp"/>
  <File Type="ROUTE-DRC" Name="IMain_drc_routed.rpt"/>
  <File Type="ROUTE-DRC-PB" Name="IMain_drc_routed.pb"/>
  <File Type="ROUTE-DRC-RPX" Name="IMain_drc_routed.rpx"/>
  <File Type="ROUTE-METHODOLOGY-DRC" Name="IMain_methodology_drc_routed.rpt"/>
  <File Type="ROUTE-METHODOLOGY-DRC-RPX" Name="IMain_methodology_drc_routed.rpx"/>
  <File Type="ROUTE-METHODOLOGY-DRC-PB" Name="IMain_methodology_drc_routed.pb"/>
  <File Type="ROUTE-RQS-PB" Name="IMain_rqs_routed.pb"/>
  <File Type="ROUTE-STATUS" Name="IMain_route_status.rpt"/>
  <File Type="ROUTE-STATUS-PB" Name="IMain_route_status.pb"/>
  <File Type="ROUTE-TIMINGSUMMARY" Name="IMain_timing_summary_routed.rpt"/>
  <File Type="ROUTE-TIMING-PB" Name="IMain_timing_summary_routed.pb"/>
  <File Type="ROUTE-TIMING-RPX" Name="IMain_timing_summary_routed.rpx"/>
  <File Type="ROUTE-SIMILARITY" Name="IMain_incremental_reuse_routed.rpt"/>
  <File Type="ROUTE-CLK" Name="IMain_clock_utilization_routed.rpt"/>
  <File Type="ROUTE-BUS-SKEW" Name="IMain_bus_skew_routed.rpt"/>
  <File Type="ROUTE-BUS-SKEW-PB" Name="IMain_bus_skew_routed.pb"/>
  <File Type="ROUTE-BUS-SKEW-RPX" Name="IMain_bus_skew_routed.rpx"/>
  <File Type="POSTROUTE-PHYSOPT-DCP" Name="IMain_postroute_physopt.dcp"/>
  <File Type="POSTROUTE-PHYSOPT-BLACKBOX-DCP" Name="IMain_postroute_physopt_bb.dcp"/>
  <File Type="POSTROUTE-PHYSOPT-TIMING" Name="IMain_timing_summary_postroute_physopted.rpt"/>
  <File Type="POSTROUTE-PHYSOPT-TIMING-PB" Name="IMain_timing_summary_postroute_physopted.pb"/>
  <File Type="POSTROUTE-PHYSOPT-TIMING-RPX" Name="IMain_timing_summary_postroute_physopted.rpx"/>
  <File Type="POSTROUTE-PHYSOPT-BUS-SKEW" Name="IMain_bus_skew_postroute_physopted.rpt"/>
  <File Type="BG-BIT" Name="IMain.bit"/>
  <File Type="POSTROUTE-PHYSOPT-BUS-SKEW-PB" Name="IMain_bus_skew_postroute_physopted.pb"/>
  <File Type="POSTROUTE-PHYSOPT-BUS-SKEW-RPX" Name="IMain_bus_skew_postroute_physopted.rpx"/>
  <File Type="BITSTR-NKY" Name="IMain.nky"/>
  <File Type="BITSTR-BMM" Name="IMain_bd.bmm"/>
  <File Type="PDI-FILE" Name="IMain.pdi"/>
  <File Type="BOOT-PDI-FILE" Name="IMain_boot.pdi"/>
  <File Type="PL-PDI-FILE" Name="IMain_pld.pdi"/>
  <File Type="RCFI_FILE" Name="IMain.rcfi"/>
  <File Type="CFI_FILE" Name="IMain.cfi"/>
  <File Type="RNPI_FILE" Name="IMain.rnpi"/>
  <File Type="NPI_FILE" Name="IMain.npi"/>
  <File Type="RBD_FILE" Name="IMain.rbd"/>
  <File Type="BITSTR-LTX" Name="debug_nets.ltx"/>
  <File Type="BITSTR-LTX" Name="IMain.ltx"/>
  <File Type="BITSTR-SYSDEF" Name="IMain.sysdef"/>
  <File Type="BG-BGN" Name="IMain.bgn"/>
  <File Type="BG-DRC" Name="IMain.drc"/>
  <File Type="RDI-RDI" Name="IMain.vdi"/>
  <File Type="WBT-USG" Name="usage_statistics_webtalk.html"/>
  <File Type="ROUTE-RQS" Name="IMain_routed.rqs"/>
  <File Type="POSTROUTE-PHYSOPT-RQS" Name="IMain_postroute_physopted.rqs"/>
  <File Type="ROUTE-RQS-RPT" Name="route_report_qor_suggestions_0.rpt"/>
  <File Type="POSTROUTE-PHYSOPT-RQS-RPT" Name="postroute_physopt_report_qor_suggestions_0.rpt"/>
  <FileSet Name="sources" Type="DesignSrcs" RelSrcDir="$PSRCDIR/sources_1" RelGenDir="$PGENDIR/sources_1">
    <Filter Type="Srcs"/>
    <File Path="$PSRCDIR/sources_1/new/BaudRateGen.vhd">
      <FileInfo>
        <Attr Name="UsedIn" Val="synthesis"/>
        <Attr Name="UsedIn" Val="simulation"/>
      </FileInfo>
    </File>
    <File Path="$PSRCDIR/sources_1/new/TTrigger.vhd">
      <FileInfo>
        <Attr Name="UsedIn" Val="synthesis"/>
        <Attr Name="UsedIn" Val="simulation"/>
      </FileInfo>
    </File>
    <File Path="$PSRCDIR/sources_1/new/CommProtRx.vhd">
      <FileInfo>
        <Attr Name="UsedIn" Val="synthesis"/>
        <Attr Name="UsedIn" Val="simulation"/>
      </FileInfo>
    </File>
    <File Path="$PSRCDIR/sources_1/new/Counter.vhd">
      <FileInfo>
        <Attr Name="UsedIn" Val="synthesis"/>
        <Attr Name="UsedIn" Val="simulation"/>
      </FileInfo>
    </File>
    <File Path="$PSRCDIR/sources_1/new/ModuleCounter.vhd">
      <FileInfo>
        <Attr Name="UsedIn" Val="synthesis"/>
        <Attr Name="UsedIn" Val="simulation"/>
      </FileInfo>
    </File>
    <File Path="$PSRCDIR/sources_1/new/DecodeCmd.vhd">
      <FileInfo>
        <Attr Name="UsedIn" Val="synthesis"/>
        <Attr Name="UsedIn" Val="simulation"/>
      </FileInfo>
    </File>
    <File Path="$PSRCDIR/sources_1/new/PwmGen.vhd">
      <FileInfo>
        <Attr Name="UsedIn" Val="synthesis"/>
        <Attr Name="UsedIn" Val="simulation"/>
      </FileInfo>
    </File>
    <File Path="$PSRCDIR/sources_1/new/HBridgeCtrl.vhd">
      <FileInfo>
        <Attr Name="UsedIn" Val="synthesis"/>
        <Attr Name="UsedIn" Val="simulation"/>
      </FileInfo>
    </File>
    <File Path="$PSRCDIR/sources_1/new/HexToSevSeg.vhd">
      <FileInfo>
        <Attr Name="UsedIn" Val="synthesis"/>
        <Attr Name="UsedIn" Val="simulation"/>
      </FileInfo>
    </File>
    <File Path="$PSRCDIR/sources_1/new/UaRx.vhd">
      <FileInfo>
        <Attr Name="UsedIn" Val="synthesis"/>
        <Attr Name="UsedIn" Val="simulation"/>
      </FileInfo>
    </File>
    <File Path="$PSRCDIR/sources_1/new/UaTx.vhd">
      <FileInfo>
        <Attr Name="UsedIn" Val="synthesis"/>
        <Attr Name="UsedIn" Val="simulation"/>
      </FileInfo>
    </File>
    <File Path="$PSRCDIR/sources_1/new/ToDisplay.vhd">
      <FileInfo>
        <Attr Name="UsedIn" Val="synthesis"/>
        <Attr Name="UsedIn" Val="simulation"/>
      </FileInfo>
    </File>
    <File Path="$PSRCDIR/sources_1/new/IMain.vhd">
      <FileInfo>
        <Attr Name="UsedIn" Val="synthesis"/>
        <Attr Name="UsedIn" Val="simulation"/>
      </FileInfo>
    </File>
    <Config>
      <Option Name="DesignMode" Val="RTL"/>
      <Option Name="TopModule" Val="IMain"/>
      <Option Name="TopAutoSet" Val="TRUE"/>
    </Config>
  </FileSet>
  <FileSet Name="constrs_in" Type="Constrs" RelSrcDir="$PSRCDIR/constrs_1" RelGenDir="$PGENDIR/constrs_1">
    <Filter Type="Constrs"/>
    <File Path="$PSRCDIR/constrs_1/new/IMain.xdc">
      <FileInfo>
        <Attr Name="UsedIn" Val="synthesis"/>
        <Attr Name="UsedIn" Val="implementation"/>
      </FileInfo>
    </File>
    <Config>
      <Option Name="TargetConstrsFile" Val="$PSRCDIR/constrs_1/new/IMain.xdc"/>
      <Option Name="ConstrsType" Val="XDC"/>
    </Config>
  </FileSet>
  <FileSet Name="utils" Type="Utils" RelSrcDir="$PSRCDIR/utils_1" RelGenDir="$PGENDIR/utils_1">
    <Filter Type="Utils"/>
    <File Path="$PSRCDIR/utils_1/imports/synth_1/IMain.dcp">
      <FileInfo>
        <Attr Name="UsedIn" Val="synthesis"/>
        <Attr Name="UsedIn" Val="implementation"/>
        <Attr Name="UsedInSteps" Val="synth_1"/>
        <Attr Name="AutoDcp" Val="1"/>
      </FileInfo>
    </File>
    <Config>
      <Option Name="TopAutoSet" Val="TRUE"/>
    </Config>
  </FileSet>
  <Strategy Version="1" Minor="2">
    <StratHandle Name="Vivado Implementation Defaults" Flow="Vivado Implementation 2024"/>
    <Step Id="init_design"/>
    <Step Id="opt_design"/>
    <Step Id="power_opt_design"/>
    <Step Id="place_design"/>
    <Step Id="post_place_power_opt_design"/>
    <Step Id="phys_opt_design"/>
    <Step Id="route_design"/>
    <Step Id="post_route_phys_opt_design"/>
    <Step Id="write_bitstream"/>
  </Strategy>
</GenRun>
